model,fold,roc_auc,pr_auc,precision,recall,f1,brier_score,total_samples,positive_count,negative_count,threshold,mae,medae,rmse,r2,y_true_mean,y_true_std,y_pred_mean
cost_classifier_3m,1,0.8318,0.2621,0.2857,0.0833,0.129,0.027,751,24.0,727.0,0.5,,,,,,,
cost_classifier_3m,2,0.9205,0.6041,0.8462,0.55,0.6667,0.0156,734,20.0,714.0,0.5,,,,,,,
cost_classifier_3m,3,0.9183,0.6368,0.7059,0.5,0.5854,0.0176,762,24.0,738.0,0.5,,,,,,,
cost_classifier_3m,4,0.9877,0.7145,1.0,0.6,0.75,0.0051,492,5.0,487.0,0.5,,,,,,,
cost_classifier_3m,5,0.6624,0.2858,0.0,0.0,0.0,0.0036,1063,4.0,1059.0,0.5,,,,,,,
cost_classifier_3m,6,0.7615,0.0156,0.0,0.0,0.0,0.0042,1646,7.0,1639.0,0.5,,,,,,,
cost_classifier_3m,7,0.8923,0.4397,1.0,0.1667,0.2857,0.0039,1136,6.0,1130.0,0.5,,,,,,,
cost_regressor_3m,1,,,,,,,751,,,,4.0173,0.1407,21.6364,-1.1814,1.2085,14.6492,3.7716
cost_regressor_3m,2,,,,,,,734,,,,2.3976,0.1919,13.783,-3.7233,0.5029,6.342,1.5998
cost_regressor_3m,3,,,,,,,762,,,,1.5451,0.13,5.957,0.1055,0.6423,6.2984,1.081
cost_regressor_3m,4,,,,,,,492,,,,0.8396,0.1555,3.6411,-0.5559,0.119,2.919,0.6409
cost_regressor_3m,5,,,,,,,1063,,,,0.5561,0.0861,3.428,-0.5072,-0.072,2.7923,0.3737
cost_regressor_3m,6,,,,,,,1646,,,,0.4606,0.0285,3.5787,-0.5883,0.1236,2.8396,0.295
cost_regressor_3m,7,,,,,,,1136,,,,0.2585,0.0323,1.6995,-1.7538,0.0657,1.0241,0.1825
cost_classifier_6m,1,0.9711,0.5884,0.5882,0.5,0.5405,0.024,492,20.0,472.0,0.5,,,,,,,
cost_classifier_6m,2,0.9532,0.7663,0.75,0.75,0.75,0.0184,484,20.0,464.0,0.5,,,,,,,
cost_classifier_6m,3,0.9076,0.7101,0.8889,0.5333,0.6667,0.0195,720,30.0,690.0,0.5,,,,,,,
cost_classifier_6m,4,0.911,0.6484,0.8,0.4211,0.5517,0.014,715,19.0,696.0,0.5,,,,,,,
cost_regressor_6m,1,,,,,,,492,,,,4.0556,0.3015,24.7457,-0.8932,1.624,17.9847,4.5645
cost_regressor_6m,2,,,,,,,484,,,,1.9066,0.1877,7.8066,-0.1516,0.7808,7.2746,1.6408
cost_regressor_6m,3,,,,,,,720,,,,3.4192,0.2401,13.7997,-2.1939,0.9406,7.7217,2.842
cost_regressor_6m,4,,,,,,,715,,,,1.749,0.2383,7.2557,0.1518,0.0358,7.8784,0.9126
time_classifier_3m,1,0.9239,0.7708,0.6642,0.6899,0.6768,0.0767,751,129.0,622.0,0.5,,,,,,,
time_classifier_3m,2,0.9083,0.7137,0.6529,0.6077,0.6295,0.087,734,130.0,604.0,0.5,,,,,,,
time_classifier_3m,3,0.9559,0.8589,0.7481,0.7537,0.7509,0.0587,762,134.0,628.0,0.5,,,,,,,
time_classifier_3m,4,0.9419,0.7963,0.6944,0.6944,0.6944,0.0642,492,72.0,420.0,0.5,,,,,,,
time_classifier_3m,5,0.8321,0.8311,0.7679,0.7597,0.7638,0.1704,1063,566.0,497.0,0.5,,,,,,,
time_classifier_3m,6,0.9356,0.9268,0.8348,0.8862,0.8597,0.1008,1646,747.0,899.0,0.5,,,,,,,
time_classifier_3m,7,0.953,0.9644,0.8939,0.9248,0.9091,0.084,1136,665.0,471.0,0.5,,,,,,,
time_regressor_3m,1,,,,,,,751,,,,1.96,0.4948,7.753,-0.38,0.8895,6.5998,1.3425
time_regressor_3m,2,,,,,,,734,,,,2.2799,0.648,7.008,0.3028,0.9755,8.3927,1.4711
time_regressor_3m,3,,,,,,,762,,,,1.9135,0.6261,4.8745,0.6226,0.8556,7.9341,1.2014
time_regressor_3m,4,,,,,,,492,,,,1.7164,0.5915,4.8631,-0.0935,0.9187,4.6505,1.1529
time_regressor_3m,5,,,,,,,1063,,,,6.6931,2.5829,12.003,0.3214,8.2305,14.5706,3.7404
time_regressor_3m,6,,,,,,,1646,,,,3.7094,1.9385,7.8743,0.7981,7.9295,17.5251,7.5162
time_regressor_3m,7,,,,,,,1136,,,,3.4411,2.1643,5.5669,0.8518,9.4938,14.4601,8.8659
time_classifier_6m,1,0.9736,0.9509,0.9014,0.9143,0.9078,0.0462,492,140.0,352.0,0.5,,,,,,,
time_classifier_6m,2,0.9435,0.8962,0.8322,0.8105,0.8212,0.0851,484,153.0,331.0,0.5,,,,,,,
time_classifier_6m,3,0.9366,0.8733,0.7913,0.8198,0.8053,0.0912,720,222.0,498.0,0.5,,,,,,,
time_classifier_6m,4,0.9464,0.9102,0.8214,0.8251,0.8233,0.0806,715,223.0,492.0,0.5,,,,,,,
time_regressor_6m,1,,,,,,,492,,,,2.448,1.2487,4.6038,0.7062,1.876,8.4934,2.3341
time_regressor_6m,2,,,,,,,484,,,,2.93,1.1255,5.9685,0.5719,2.2748,9.1218,2.5529
time_regressor_6m,3,,,,,,,720,,,,2.909,1.2997,6.3748,0.5453,2.2528,9.4541,2.0813
time_regressor_6m,4,,,,,,,715,,,,2.7902,1.3068,6.0515,0.368,2.435,7.6123,2.2116
